{

"completed_task": {


"total_completed_task": 88782,


"completed_task_cloud": 0,


"completed_task_edge": 88782,


"completed_task_mobile": 0

},

"success_task": 14176,

"service_time": 36.05213151749662,

"service_time_edge": [


29.18273281305984,


56.15828705319321,


13.848271773225171,


44.00048390463349,


44.899353228386964,


11.529462596382835,


0,


0,


0,


0,


0,


0

],

"processing_delay": {


"processing_time": 0.03897584390538218,


"processing_time_cloud_avg": 0,


"processing_time_edge_avg": 0.03897584390538218,


"processing_time_mobile_avg": 0

},

"network_delay": {


"network_time": 0.021787171746172476,


"network_delay_gsm": 0,


"network_delay_wan": 0,


"network_delay_man": 0.021787171746172476,


"network_delay_lan": 0

},

"buffering_delay": {


"buffering_time": 35.9913685018445,


"buffering_time_cloud": 0,


"buffering_time_edge": 35.9913685018445,


"buffering_time_mobile": 0

}
}