{

"completed_task": {


"total_completed_task": 47522,


"completed_task_cloud": 0,


"completed_task_edge": 47522,


"completed_task_mobile": 0

},

"success_task": 5205,

"service_time": 26.60581393987733,

"service_time_edge": [


25.295496157482063,


30.67343901047017,


25.31461535145959,


36.76679636555523,


22.906990664800453,


15.273504443883553

],

"processing_delay": {


"processing_time": 0.03910402623836541,


"processing_time_cloud_avg": 0,


"processing_time_edge_avg": 0.03910402623836541,


"processing_time_mobile_avg": 0

},

"network_delay": {


"network_time": 0.25867605290868895,


"network_delay_gsm": 0,


"network_delay_wan": 0,


"network_delay_man": 0.25867605290868895,


"network_delay_lan": 0

},

"buffering_delay": {


"buffering_time": 26.308033860730557,


"buffering_time_cloud": 0,


"buffering_time_edge": 26.308033860730557,


"buffering_time_mobile": 0

}
}